Sector,Purchase Price,Trade Order,Rolling AVG,Previous Trades
Basic Industries,96317.98,434.0,59948.993333333325,1.0
Basic Industries,78538.52,435.0,59368.36666666666,2.0
Basic Industries,79886.17,436.0,84914.22333333333,3.0
Basic Industries,16494.98,437.0,58306.556666666664,4.0
Basic Industries,86276.32,438.0,60885.82333333333,5.0
Basic Industries,60153.65,439.0,54308.31666666666,6.0
Basic Industries,75751.98,440.0,74060.64999999998,7.0
Basic Industries,20518.03,441.0,52141.21999999998,8.0
Basic Industries,12446.04,442.0,36238.68333333332,9.0
Basic Industries,5990.74,443.0,12984.936666666656,10.0
Basic Industries,23499.88,444.0,13978.886666666658,11.0
Basic Industries,64639.55,445.0,31376.723333333328,12.0
Basic Industries,61169.01,446.0,49769.47999999999,13.0
Basic Industries,46250.21,447.0,57352.92333333332,14.0
Basic Industries,59098.47,448.0,55505.89666666666,15.0
Basic Industries,11224.23,449.0,38857.63666666666,16.0
Basic Industries,30485.85,450.0,33602.84999999999,17.0
Basic Industries,7222.63,451.0,16310.903333333323,18.0
Basic Industries,79881.5,452.0,39196.65999999999,19.0
Basic Industries,92517.53,453.0,59873.88666666666,20.0
Basic Industries,80788.3,454.0,84395.77666666666,21.0
Basic Industries,48676.82,455.0,73994.21666666666,22.0
Basic Industries,2910.66,456.0,44125.25999999999,23.0
Basic Industries,78081.91,457.0,43223.12999999999,24.0
Basic Industries,99358.56,458.0,60117.04333333333,25.0
Basic Industries,83692.34,459.0,87044.26999999999,26.0
Basic Industries,69711.69,460.0,84254.19666666666,27.0
Basic Industries,10329.77,461.0,54577.93333333332,28.0
Basic Industries,53616.16,462.0,44552.54,29.0
Basic Industries,28245.0,463.0,30730.309999999994,30.0
Basic Industries,55808.69,464.0,45889.94999999999,31.0
Basic Industries,21868.38,465.0,35307.35666666666,32.0
Basic Industries,26399.59,466.0,34692.219999999994,33.0
Basic Industries,48058.41,467.0,32108.793333333324,34.0
Basic Industries,87181.14,468.0,53879.71333333332,35.0
Basic Industries,96466.27,469.0,77235.27333333333,36.0
Basic Industries,5570.83,470.0,63072.74666666665,37.0
Basic Industries,52006.98,471.0,51348.026666666665,38.0
Basic Industries,84138.88,472.0,47238.89666666667,39.0
Basic Industries,95378.74,473.0,77174.86666666667,40.0
Basic Industries,15530.06,474.0,65015.89333333333,41.0
Basic Industries,28702.1,475.0,46536.96666666667,42.0
Basic Industries,44109.68,476.0,29447.279999999995,43.0
Basic Industries,7601.37,477.0,26804.383333333328,44.0
Basic Industries,67738.25,478.0,39816.43333333333,45.0
Basic Industries,6304.32,479.0,27214.646666666667,46.0
Basic Industries,23253.12,480.0,32431.896666666664,47.0
Basic Industries,30399.08,481.0,19985.506666666664,48.0
Basic Industries,26606.43,482.0,26752.876666666663,49.0
Basic Industries,34074.82,483.0,30360.109999999997,50.0
Basic Industries,21955.93,484.0,27545.726666666666,51.0
Basic Industries,46315.96,485.0,34115.56999999999,52.0
Basic Industries,48339.43,486.0,38870.439999999995,53.0
Basic Industries,91388.15,487.0,62014.51333333333,54.0
Basic Industries,37286.68,488.0,59004.75333333332,55.0
Basic Industries,92069.83,489.0,73581.55333333333,56.0
Basic Industries,11157.13,490.0,46837.88,57.0
Basic Industries,81859.82,491.0,61695.59333333333,58.0
Basic Industries,26739.54,492.0,39918.829999999994,59.0
Basic Industries,42042.04,493.0,50213.79999999999,60.0
Basic Industries,10936.65,494.0,26572.74333333332,61.0
Basic Industries,54429.95,495.0,35802.87999999999,62.0
Basic Industries,80543.77,496.0,48636.789999999986,63.0
Basic Industries,80270.9,497.0,71748.20666666667,64.0
Basic Industries,12695.83,498.0,57836.83333333332,65.0
Basic Industries,37558.06,499.0,43508.26333333333,66.0
Basic Industries,23054.9,500.0,24436.263333333325,67.0
Basic Industries,48162.34,501.0,36258.43333333333,68.0
Basic Industries,92647.43,502.0,54621.556666666664,69.0
Basic Industries,18409.29,503.0,53073.02,70.0
Basic Industries,94762.41,504.0,68606.37666666666,71.0
Basic Industries,65547.82,505.0,59573.17333333334,72.0
Basic Industries,9459.65,506.0,56589.96,73.0
Basic Industries,58898.05,507.0,44635.17333333334,74.0
Basic Industries,45957.24,508.0,38104.98,75.0
Basic Industries,54093.23,509.0,52982.840000000004,76.0
Basic Industries,80278.83,510.0,60109.76666666666,77.0
Basic Industries,76900.2,511.0,70424.08666666667,78.0
Basic Industries,12902.49,512.0,56693.84,79.0
Basic Industries,22541.06,513.0,37447.916666666664,80.0
Basic Industries,47708.16,514.0,27717.236666666668,81.0
Basic Industries,55024.98,515.0,41758.06666666667,82.0
Basic Industries,17351.27,516.0,40028.136666666665,83.0
Basic Industries,23425.54,517.0,31933.930000000004,84.0
Basic Industries,6679.69,518.0,15818.833333333334,85.0
Basic Industries,45434.0,519.0,25179.743333333332,86.0
Basic Industries,31405.4,520.0,27839.696666666667,87.0
Basic Industries,2924.99,521.0,26588.13,88.0
Basic Industries,42188.82,522.0,25506.403333333332,89.0
Basic Industries,94632.28,523.0,46582.03,90.0
Basic Industries,44935.31,524.0,60585.47,91.0
Basic Industries,46925.56,525.0,62164.38333333333,92.0
Basic Industries,63134.6,526.0,51665.15666666667,93.0
Basic Industries,96495.06,527.0,68851.74,94.0
Basic Industries,15657.58,528.0,58429.079999999994,95.0
Basic Industries,90797.13,529.0,67649.92333333334,96.0
Basic Industries,21159.77,530.0,42538.16,97.0
Basic Industries,63432.98,531.0,58463.293333333335,98.0
Basic Industries,95598.4,532.0,60063.71666666667,99.0
Basic Industries,15104.46,533.0,58045.28,100.0
Capital Goods,27996.39,593.0,28054.76333333335,1.0
Capital Goods,84998.31,594.0,42362.24000000002,2.0
Capital Goods,48873.06,595.0,53955.92000000002,3.0
Capital Goods,21065.91,596.0,51645.76000000002,4.0
Capital Goods,25983.73,597.0,31974.23333333335,5.0
Capital Goods,71025.29,598.0,39358.31000000002,6.0
Capital Goods,84138.97,599.0,60382.66333333335,7.0
Capital Goods,10298.59,600.0,55154.283333333355,8.0
Capital Goods,93329.73,601.0,62589.09666666668,9.0
Capital Goods,93073.14,602.0,65567.15333333335,10.0
Capital Goods,53386.44,603.0,79929.77000000002,11.0
Capital Goods,14681.93,604.0,53713.83666666669,12.0
Capital Goods,64825.37,605.0,44297.91333333335,13.0
Capital Goods,25083.54,606.0,34863.61333333335,14.0
Capital Goods,24936.74,607.0,38281.88333333335,15.0
Capital Goods,58118.15,608.0,36046.143333333355,16.0
Capital Goods,37151.42,609.0,40068.770000000026,17.0
Capital Goods,97025.19,610.0,64098.253333333356,18.0
Capital Goods,46379.47,611.0,60185.360000000015,19.0
Capital Goods,13122.38,612.0,52175.68000000002,20.0
Capital Goods,58454.79,613.0,39318.88000000002,21.0
Capital Goods,51362.56,614.0,40979.91000000002,22.0
Capital Goods,13004.0,615.0,40940.45000000002,23.0
Capital Goods,27538.21,616.0,30634.92333333335,24.0
Capital Goods,56710.71,617.0,32417.640000000018,25.0
Capital Goods,17807.51,618.0,34018.81000000002,26.0
Capital Goods,96918.43,619.0,57145.55000000002,27.0
Capital Goods,49660.59,620.0,54795.51000000001,28.0
Capital Goods,39823.91,621.0,62134.31000000002,29.0
Capital Goods,99523.5,622.0,63002.666666666686,30.0
Capital Goods,77950.19,623.0,72432.53333333335,31.0
Capital Goods,79154.05,624.0,85542.58000000002,32.0
Capital Goods,58928.09,625.0,72010.77666666669,33.0
Capital Goods,6235.18,626.0,48105.77333333335,34.0
Capital Goods,17609.55,627.0,27590.940000000017,35.0
Capital Goods,7157.5,628.0,10334.076666666686,36.0
Capital Goods,9692.69,629.0,11486.580000000018,37.0
Capital Goods,44297.21,630.0,20382.466666666685,38.0
Capital Goods,19960.21,631.0,24650.036666666685,39.0
Capital Goods,23746.14,632.0,29334.52000000002,40.0
Capital Goods,8662.36,633.0,17456.236666666686,41.0
Capital Goods,11331.05,634.0,14579.85000000002,42.0
Capital Goods,50709.72,635.0,23567.71000000002,43.0
Capital Goods,19592.35,636.0,27211.04000000002,44.0
Capital Goods,75739.86,637.0,48680.64333333335,45.0
Capital Goods,2999.64,638.0,32777.283333333355,46.0
Capital Goods,25449.22,639.0,34729.573333333356,47.0
Capital Goods,47632.36,640.0,25360.40666666669,48.0
Capital Goods,18289.93,641.0,30457.170000000024,49.0
Capital Goods,67970.97,642.0,44631.08666666669,50.0
Capital Goods,68806.5,643.0,51689.13333333336,51.0
Capital Goods,71974.6,644.0,69584.02333333336,52.0
Capital Goods,32373.73,645.0,57718.276666666694,53.0
Capital Goods,13685.54,646.0,39344.62333333336,54.0
Capital Goods,38929.39,647.0,28329.55333333336,55.0
Capital Goods,50271.68,648.0,34295.53666666669,56.0
Capital Goods,35952.92,649.0,41717.996666666695,57.0
Capital Goods,60685.25,650.0,48969.95000000002,58.0
Capital Goods,97361.61,651.0,64666.59333333336,59.0
Capital Goods,15005.05,652.0,57683.97000000002,60.0
Capital Goods,30402.37,653.0,47589.676666666695,61.0
Capital Goods,75956.66,654.0,40454.693333333365,62.0
Capital Goods,34421.31,655.0,46926.78000000003,63.0
Capital Goods,67808.67,656.0,59395.54666666669,64.0
Capital Goods,32553.72,657.0,44927.90000000002,65.0
Capital Goods,58816.96,658.0,53059.78333333336,66.0
Capital Goods,41676.75,659.0,44349.14333333336,67.0
Capital Goods,75958.88,660.0,58817.53000000003,68.0
Capital Goods,32395.63,661.0,50010.420000000035,69.0
Capital Goods,43125.84,662.0,50493.45000000003,70.0
Capital Goods,43737.15,663.0,39752.87333333336,71.0
Capital Goods,44432.13,664.0,43765.04000000003,72.0
Capital Goods,96035.78,665.0,61401.6866666667,73.0
Capital Goods,74995.16,666.0,71821.02333333336,74.0
Capital Goods,94310.91,667.0,88447.28333333337,75.0
Capital Goods,81718.55,668.0,83674.87333333337,76.0
Capital Goods,70223.65,669.0,82084.37000000004,77.0
Capital Goods,65967.15,670.0,72636.45000000003,78.0
Capital Goods,88806.14,671.0,74998.98000000003,79.0
Capital Goods,19911.13,672.0,58228.140000000036,80.0
Capital Goods,48341.36,673.0,52352.8766666667,81.0
Capital Goods,2508.8,674.0,23587.096666666697,82.0
Capital Goods,98460.6,675.0,49770.25333333336,83.0
Capital Goods,30003.49,676.0,43657.630000000034,84.0
Capital Goods,75378.29,677.0,67947.46000000004,85.0
Capital Goods,68601.87,678.0,57994.550000000025,86.0
Capital Goods,65460.75,679.0,69813.6366666667,87.0
Capital Goods,11958.9,680.0,48673.840000000026,88.0
Capital Goods,5296.59,681.0,27572.08000000003,89.0
Capital Goods,53721.02,682.0,23658.836666666695,90.0
Capital Goods,91465.81,683.0,50161.14000000002,91.0
Capital Goods,88251.71,684.0,77812.8466666667,92.0
Capital Goods,19715.79,685.0,66477.77000000003,93.0
Capital Goods,78685.42,686.0,62217.640000000036,94.0
Capital Goods,4528.36,687.0,34309.856666666696,95.0
Capital Goods,64011.71,688.0,49075.16333333336,96.0
Capital Goods,77375.02,689.0,48638.36333333337,97.0
Capital Goods,12447.51,690.0,51278.080000000045,98.0
Capital Goods,97859.28,691.0,62560.60333333337,99.0
Capital Goods,81977.75,692.0,64094.8466666667,100.0
Consumer Durables,25615.74,174.0,23239.376666666678,1.0
Consumer Durables,43475.36,175.0,28128.143333333344,2.0
Consumer Durables,23595.23,176.0,30895.443333333344,3.0
Consumer Durables,69270.38,177.0,45446.99000000001,4.0
Consumer Durables,46970.15,178.0,46611.92000000001,5.0
Consumer Durables,17702.63,179.0,44647.72000000001,6.0
Consumer Durables,85349.46,180.0,50007.41333333335,7.0
Consumer Durables,60448.27,181.0,54500.12000000002,8.0
Consumer Durables,98096.92,182.0,81298.21666666667,9.0
Consumer Durables,419.1,183.0,52988.09666666667,10.0
Consumer Durables,75503.07,184.0,58006.36333333334,11.0
Consumer Durables,10433.26,185.0,28785.143333333344,12.0
Consumer Durables,44825.7,186.0,43587.343333333345,13.0
Consumer Durables,1020.06,187.0,18759.673333333343,14.0
Consumer Durables,78888.16,188.0,41577.97333333334,15.0
Consumer Durables,2629.72,189.0,27512.64666666668,16.0
Consumer Durables,15637.86,190.0,32385.246666666677,17.0
Consumer Durables,91603.24,191.0,36623.60666666668,18.0
Consumer Durables,46926.48,192.0,51389.19333333335,19.0
Consumer Durables,68917.52,193.0,69149.08000000002,20.0
Consumer Durables,5026.22,194.0,40290.07333333334,21.0
Consumer Durables,81797.45,195.0,51913.73,22.0
Consumer Durables,2427.2,196.0,29750.290000000008,23.0
Consumer Durables,55007.15,197.0,46410.600000000006,24.0
Consumer Durables,58980.26,198.0,38804.87000000001,25.0
Consumer Durables,45434.56,199.0,53140.65666666668,26.0
Consumer Durables,266.91,200.0,34893.91000000001,27.0
Consumer Durables,28027.21,201.0,24576.226666666673,28.0
Consumer Durables,83402.35,202.0,37232.15666666668,29.0
Consumer Durables,21620.54,203.0,44350.03333333335,30.0
Consumer Durables,97119.81,204.0,67380.90000000001,31.0
Consumer Durables,91143.73,205.0,69961.36,32.0
Consumer Durables,55983.5,206.0,81415.68000000001,33.0
Consumer Durables,21305.25,207.0,56144.16000000001,34.0
Consumer Durables,94057.48,208.0,57115.41000000001,35.0
Consumer Durables,87059.81,209.0,67474.18000000001,36.0
Consumer Durables,40608.48,210.0,73908.59000000001,37.0
Consumer Durables,33812.44,211.0,53826.91000000001,38.0
Consumer Durables,81153.61,212.0,51858.17666666667,39.0
Consumer Durables,11846.34,213.0,42270.79666666667,40.0
Consumer Durables,21145.9,214.0,38048.616666666676,41.0
Consumer Durables,59181.75,215.0,30724.663333333345,42.0
Consumer Durables,16581.32,216.0,32302.99000000001,43.0
Consumer Durables,95753.77,217.0,57172.280000000006,44.0
Consumer Durables,84949.58,218.0,65761.55666666669,45.0
Consumer Durables,65599.78,219.0,82101.04333333335,46.0
Consumer Durables,25595.95,220.0,58715.103333333354,47.0
Consumer Durables,60781.76,221.0,50659.16333333335,48.0
Consumer Durables,42242.57,222.0,42873.42666666669,49.0
Consumer Durables,64470.55,223.0,55831.626666666685,50.0
Consumer Durables,60980.96,224.0,55898.02666666668,51.0
Consumer Durables,96194.37,225.0,73881.96,52.0
Consumer Durables,93962.68,226.0,83712.67000000001,53.0
Consumer Durables,38182.35,227.0,76113.13333333335,54.0
Consumer Durables,81000.78,228.0,71048.60333333335,55.0
Consumer Durables,26145.82,229.0,48442.983333333344,56.0
Consumer Durables,19071.32,230.0,42072.640000000014,57.0
Consumer Durables,5272.16,231.0,16829.76666666668,58.0
Consumer Durables,3344.07,232.0,9229.183333333347,59.0
Consumer Durables,70545.32,233.0,26387.18333333335,60.0
Consumer Durables,71924.17,234.0,48604.52000000002,61.0
Consumer Durables,62672.74,235.0,68380.74333333335,62.0
Consumer Durables,99808.72,236.0,78135.21,63.0
Consumer Durables,44870.44,237.0,69117.30000000002,64.0
Consumer Durables,53687.41,238.0,66122.19000000002,65.0
Consumer Durables,87722.65,239.0,62093.50000000002,66.0
Consumer Durables,40293.02,240.0,60567.69333333335,67.0
Consumer Durables,63771.62,241.0,63929.09666666668,68.0
Consumer Durables,80034.36,242.0,61366.33333333335,69.0
Consumer Durables,67168.2,243.0,70324.72666666668,70.0
Consumer Durables,56122.06,244.0,67774.87333333335,71.0
Consumer Durables,77165.89,245.0,66818.71666666669,72.0
Consumer Durables,36993.98,246.0,56760.64333333336,73.0
Consumer Durables,57711.38,247.0,57290.416666666686,74.0
Consumer Durables,69339.03,248.0,54681.463333333355,75.0
Consumer Durables,71135.59,249.0,66062.00000000001,76.0
Consumer Durables,55242.02,250.0,65238.88000000001,77.0
Consumer Durables,21506.03,251.0,49294.54666666668,78.0
Consumer Durables,39550.95,252.0,38766.33333333335,79.0
Consumer Durables,58052.93,253.0,39703.30333333335,80.0
Consumer Durables,25126.52,254.0,40910.13333333335,81.0
Consumer Durables,20040.24,255.0,34406.56333333335,82.0
Consumer Durables,33535.95,256.0,26234.236666666682,83.0
Consumer Durables,8944.42,257.0,20840.20333333335,84.0
Consumer Durables,91097.74,258.0,44526.03666666668,85.0
Consumer Durables,7454.32,259.0,35832.160000000025,86.0
Consumer Durables,36517.42,260.0,45023.160000000025,87.0
Consumer Durables,96157.74,261.0,46709.82666666668,88.0
Consumer Durables,72045.32,262.0,68240.16000000002,89.0
Consumer Durables,18876.04,263.0,62359.70000000002,90.0
Consumer Durables,11416.47,264.0,34112.610000000015,91.0
Consumer Durables,596.81,265.0,10296.440000000015,92.0
Consumer Durables,86476.49,266.0,32829.92333333335,93.0
Consumer Durables,98587.3,267.0,61886.866666666676,94.0
Consumer Durables,73681.84,268.0,86248.54333333335,95.0
Consumer Durables,28585.35,269.0,66951.49666666669,96.0
Consumer Durables,63585.95,270.0,55284.38000000001,97.0
Consumer Durables,74248.21,271.0,55473.17000000001,98.0
Consumer Durables,12776.58,272.0,50203.58000000001,99.0
Consumer Durables,62579.49,273.0,49868.09333333335,100.0
Consumer Non-Durables,63302.33,318.0,53337.62666666667,1.0
Consumer Non-Durables,62595.72,319.0,63192.21,2.0
Consumer Non-Durables,51845.99,320.0,59248.013333333336,3.0
Consumer Non-Durables,85543.24,321.0,66661.65000000001,4.0
Consumer Non-Durables,37998.62,322.0,58462.616666666676,5.0
Consumer Non-Durables,87367.34,323.0,70303.06666666668,6.0
Consumer Non-Durables,94479.47,324.0,73281.81000000001,7.0
Consumer Non-Durables,55202.64,325.0,79016.48333333334,8.0
Consumer Non-Durables,43982.43,326.0,64554.84666666668,9.0
Consumer Non-Durables,78520.86,327.0,59235.310000000005,10.0
Consumer Non-Durables,72366.29,328.0,64956.52666666667,11.0
Consumer Non-Durables,43629.43,329.0,64838.86000000001,12.0
Consumer Non-Durables,1928.12,330.0,39307.94666666667,13.0
Consumer Non-Durables,27395.28,331.0,24317.610000000004,14.0
Consumer Non-Durables,69979.83,332.0,33101.07666666667,15.0
Consumer Non-Durables,65908.51,333.0,54427.873333333344,16.0
Consumer Non-Durables,90028.83,334.0,75305.72333333334,17.0
Consumer Non-Durables,8552.17,335.0,54829.83666666667,18.0
Consumer Non-Durables,19289.87,336.0,39290.29000000001,19.0
Consumer Non-Durables,69433.22,337.0,32425.086666666673,20.0
Consumer Non-Durables,62290.29,338.0,50337.79333333334,21.0
Consumer Non-Durables,61295.95,339.0,64339.82000000001,22.0
Consumer Non-Durables,15734.79,340.0,46440.343333333345,23.0
Consumer Non-Durables,79703.16,341.0,52244.63333333334,24.0
Consumer Non-Durables,78750.16,342.0,58062.703333333346,25.0
Consumer Non-Durables,70939.69,343.0,76464.33666666668,26.0
Consumer Non-Durables,38055.94,344.0,62581.930000000015,27.0
Consumer Non-Durables,99299.19,345.0,69431.60666666667,28.0
Consumer Non-Durables,32943.49,346.0,56766.20666666667,29.0
Consumer Non-Durables,49304.34,347.0,60515.67333333334,30.0
Consumer Non-Durables,99979.04,348.0,60742.29000000001,31.0
Consumer Non-Durables,94549.6,349.0,81277.66000000002,32.0
Consumer Non-Durables,3223.0,350.0,65917.21333333335,33.0
Consumer Non-Durables,16473.67,351.0,38082.09000000001,34.0
Consumer Non-Durables,25258.41,352.0,14985.026666666678,35.0
Consumer Non-Durables,81555.15,353.0,41095.74333333334,36.0
Consumer Non-Durables,17284.55,354.0,41366.036666666674,37.0
Consumer Non-Durables,57244.22,355.0,52027.97333333335,38.0
Consumer Non-Durables,32005.64,356.0,35511.47000000001,39.0
Consumer Non-Durables,36376.63,357.0,41875.49666666667,40.0
Consumer Non-Durables,88825.42,358.0,52402.563333333346,41.0
Consumer Non-Durables,3266.94,359.0,42822.99666666668,42.0
Consumer Non-Durables,19745.84,360.0,37279.400000000016,43.0
Consumer Non-Durables,28671.49,361.0,17228.09000000001,44.0
Consumer Non-Durables,22765.61,362.0,23727.64666666668,45.0
Consumer Non-Durables,7401.6,363.0,19612.900000000012,46.0
Consumer Non-Durables,38207.53,364.0,22791.580000000013,47.0
Consumer Non-Durables,93537.15,365.0,46382.093333333345,48.0
Consumer Non-Durables,33408.33,366.0,55051.003333333334,49.0
Consumer Non-Durables,75444.9,367.0,67463.46,50.0
Consumer Non-Durables,41298.25,368.0,50050.49333333335,51.0
Consumer Non-Durables,2376.37,369.0,39706.506666666675,52.0
Consumer Non-Durables,47455.92,370.0,30376.84666666668,53.0
Consumer Non-Durables,605.69,371.0,16812.66000000001,54.0
Consumer Non-Durables,2033.08,372.0,16698.230000000007,55.0
Consumer Non-Durables,64518.47,373.0,22385.746666666673,56.0
Consumer Non-Durables,64827.32,374.0,43792.95666666667,57.0
Consumer Non-Durables,99128.12,375.0,76157.97000000002,58.0
Consumer Non-Durables,63465.25,376.0,75806.89666666667,59.0
Consumer Non-Durables,72266.12,377.0,78286.49666666666,60.0
Consumer Non-Durables,86503.32,378.0,74078.23,61.0
Consumer Non-Durables,88742.93,379.0,82504.12333333334,62.0
Consumer Non-Durables,36783.48,380.0,70676.57666666668,63.0
Consumer Non-Durables,60329.94,381.0,61952.116666666676,64.0
Consumer Non-Durables,13350.17,382.0,36821.19666666668,65.0
Consumer Non-Durables,42598.95,383.0,38759.686666666676,66.0
Consumer Non-Durables,47303.68,384.0,34417.600000000006,67.0
Consumer Non-Durables,42996.16,385.0,44299.59666666668,68.0
Consumer Non-Durables,23492.48,386.0,37930.773333333345,69.0
Consumer Non-Durables,36721.08,387.0,34403.24000000001,70.0
Consumer Non-Durables,77995.21,388.0,46069.59000000002,71.0
Consumer Non-Durables,41179.92,389.0,51965.40333333334,72.0
Consumer Non-Durables,88206.89,390.0,69127.34000000001,73.0
Consumer Non-Durables,28902.72,391.0,52763.17666666667,74.0
Consumer Non-Durables,61007.65,392.0,59372.42000000001,75.0
Consumer Non-Durables,99457.94,393.0,63122.77000000002,76.0
Consumer Non-Durables,57722.18,394.0,72729.25666666668,77.0
Consumer Non-Durables,63514.49,395.0,73564.87000000001,78.0
Consumer Non-Durables,35134.14,396.0,52123.603333333354,79.0
Consumer Non-Durables,63222.22,397.0,53956.95000000001,80.0
Consumer Non-Durables,5291.14,398.0,34549.16666666668,81.0
Consumer Non-Durables,56150.44,399.0,41554.60000000001,82.0
Consumer Non-Durables,7898.8,400.0,23113.460000000017,83.0
Consumer Non-Durables,16488.31,401.0,26845.850000000017,84.0
Consumer Non-Durables,76016.41,402.0,33467.84000000002,85.0
Consumer Non-Durables,45785.8,403.0,46096.84000000002,86.0
Consumer Non-Durables,79305.71,404.0,67035.97333333334,87.0
Consumer Non-Durables,76656.43,405.0,67249.31333333335,88.0
Consumer Non-Durables,76848.02,406.0,77603.38666666669,89.0
Consumer Non-Durables,92583.82,407.0,82029.42333333335,90.0
Consumer Non-Durables,11889.94,408.0,60440.59333333335,91.0
Consumer Non-Durables,65760.34,409.0,56744.70000000001,92.0
Consumer Non-Durables,9521.13,410.0,29057.136666666684,93.0
Consumer Non-Durables,80084.77,411.0,51788.74666666668,94.0
Consumer Non-Durables,90987.08,412.0,60197.66000000001,95.0
Consumer Non-Durables,30478.85,413.0,67183.56666666668,96.0
Consumer Non-Durables,95263.54,414.0,72243.15666666668,97.0
Consumer Non-Durables,72741.97,415.0,66161.45333333335,98.0
Consumer Non-Durables,36102.07,416.0,68035.86000000002,99.0
Consumer Non-Durables,93583.48,417.0,67475.84000000001,100.0
Consumer Services,18708.84,1427.0,35927.97333333331,1.0
Consumer Services,9686.0,1428.0,22933.01999999998,2.0
Consumer Services,4147.64,1429.0,10847.493333333314,3.0
Consumer Services,86023.55,1430.0,33285.72999999998,4.0
Consumer Services,94179.83,1431.0,61450.33999999999,5.0
Consumer Services,60047.11,1432.0,80083.49666666664,6.0
Consumer Services,97477.78,1433.0,83901.57333333332,7.0
Consumer Services,86769.51,1434.0,81431.46666666666,8.0
Consumer Services,8878.1,1435.0,64375.129999999976,9.0
Consumer Services,78014.29,1436.0,57887.29999999998,10.0
Consumer Services,11311.85,1437.0,32734.746666666648,11.0
Consumer Services,7650.0,1438.0,32325.37999999998,12.0
Consumer Services,56659.35,1439.0,25207.066666666648,13.0
Consumer Services,78463.89,1440.0,47591.07999999998,14.0
Consumer Services,95088.66,1441.0,76737.29999999999,15.0
Consumer Services,64012.4,1442.0,79188.31666666665,16.0
Consumer Services,60730.83,1443.0,73277.29666666665,17.0
Consumer Services,69825.72,1444.0,64856.31666666665,18.0
Consumer Services,7435.22,1445.0,45997.25666666665,19.0
Consumer Services,73453.4,1446.0,50238.11333333331,20.0
Consumer Services,9024.92,1447.0,29971.17999999998,21.0
Consumer Services,85187.37,1448.0,55888.56333333332,22.0
Consumer Services,17092.0,1449.0,37101.42999999998,23.0
Consumer Services,76906.23,1450.0,59728.533333333304,24.0
Consumer Services,49737.92,1451.0,47912.04999999998,25.0
Consumer Services,32104.64,1452.0,52916.26333333331,26.0
Consumer Services,57054.34,1453.0,46298.966666666645,27.0
Consumer Services,36775.09,1454.0,41978.02333333331,28.0
Consumer Services,86736.38,1455.0,60188.60333333331,29.0
Consumer Services,76299.35,1456.0,66603.60666666664,30.0
Consumer Services,59216.79,1457.0,74084.17333333332,31.0
Consumer Services,55206.52,1458.0,63574.21999999998,32.0
Consumer Services,3550.39,1459.0,39324.566666666644,33.0
Consumer Services,10477.14,1460.0,23078.016666666645,34.0
Consumer Services,21797.16,1461.0,11941.563333333315,35.0
Consumer Services,48944.21,1462.0,27072.836666666644,36.0
Consumer Services,96150.56,1463.0,55630.64333333331,37.0
Consumer Services,30835.23,1464.0,58643.333333333314,38.0
Consumer Services,93592.73,1465.0,73526.17333333331,39.0
Consumer Services,3564.55,1466.0,42664.16999999998,40.0
Consumer Services,11127.23,1467.0,36094.83666666665,41.0
Consumer Services,82564.9,1468.0,32418.89333333331,42.0
Consumer Services,44495.05,1469.0,46062.39333333331,43.0
Consumer Services,2910.58,1470.0,43323.50999999998,44.0
Consumer Services,85882.36,1471.0,44429.32999999998,45.0
Consumer Services,17234.29,1472.0,35342.40999999998,46.0
Consumer Services,67523.79,1473.0,56880.146666666646,47.0
Consumer Services,97995.65,1474.0,60917.909999999974,48.0
Consumer Services,30916.72,1475.0,65478.71999999997,49.0
Consumer Services,25188.69,1476.0,51367.01999999998,50.0
Consumer Services,91725.04,1477.0,49276.81666666665,51.0
Consumer Services,67889.85,1478.0,61601.19333333332,52.0
Consumer Services,12144.97,1479.0,57253.286666666645,53.0
Consumer Services,60441.35,1480.0,46825.389999999985,54.0
Consumer Services,30418.09,1481.0,34334.803333333315,55.0
Consumer Services,50283.88,1482.0,47047.773333333316,56.0
Consumer Services,29672.49,1483.0,36791.48666666664,57.0
Consumer Services,5077.45,1484.0,28344.606666666645,58.0
Consumer Services,85222.02,1485.0,39990.653333333314,59.0
Consumer Services,27189.95,1486.0,39163.13999999998,60.0
Consumer Services,3544.36,1487.0,38652.10999999998,61.0
Consumer Services,62160.89,1488.0,30965.066666666648,62.0
Consumer Services,19489.61,1489.0,28398.28666666665,63.0
Consumer Services,63739.71,1490.0,48463.403333333314,64.0
Consumer Services,86524.51,1491.0,56584.609999999986,65.0
Consumer Services,38164.15,1492.0,62809.45666666666,66.0
Consumer Services,92505.2,1493.0,72397.95333333331,67.0
Consumer Services,39921.07,1494.0,56863.47333333332,68.0
Consumer Services,66196.45,1495.0,66207.57333333332,69.0
Consumer Services,75374.71,1496.0,60497.409999999974,70.0
Consumer Services,1828.99,1497.0,47800.04999999998,71.0
Consumer Services,70103.52,1498.0,49102.406666666655,72.0
Consumer Services,83388.16,1499.0,51773.55666666665,73.0
Consumer Services,66200.34,1500.0,73230.67333333332,74.0
Consumer Services,76848.55,1501.0,75479.01666666665,75.0
Consumer Services,73847.65,1502.0,72298.84666666664,76.0
Consumer Services,94300.94,1503.0,81665.71333333332,77.0
Consumer Services,23519.04,1504.0,63889.209999999985,78.0
Consumer Services,13305.44,1505.0,43708.47333333332,79.0
Consumer Services,53788.09,1506.0,30204.189999999984,80.0
Consumer Services,39658.35,1507.0,35583.95999999998,81.0
Consumer Services,77251.33,1508.0,56899.25666666665,82.0
Consumer Services,49863.44,1509.0,55591.03999999998,83.0
Consumer Services,24112.83,1510.0,50409.19999999998,84.0
Consumer Services,45397.87,1511.0,39791.37999999998,85.0
Consumer Services,14916.18,1512.0,28142.293333333317,86.0
Consumer Services,90538.32,1513.0,50284.123333333315,87.0
Consumer Services,23553.0,1514.0,43002.499999999985,88.0
Consumer Services,30174.18,1515.0,48088.49999999998,89.0
Consumer Services,40153.02,1516.0,31293.39999999998,90.0
Consumer Services,24999.72,1517.0,31775.63999999998,91.0
Consumer Services,25831.98,1518.0,30328.23999999998,92.0
Consumer Services,43476.75,1519.0,31436.149999999983,93.0
Consumer Services,77149.68,1520.0,48819.46999999998,94.0
Consumer Services,31782.8,1521.0,50803.07666666665,95.0
Consumer Services,19550.46,1522.0,42827.646666666646,96.0
Consumer Services,71870.15,1523.0,41067.803333333315,97.0
Consumer Services,84451.49,1524.0,58624.03333333332,98.0
Consumer Services,54155.84,1525.0,70159.15999999999,99.0
Consumer Services,42.56,1526.0,46216.62999999998,100.0
Energy,17988.97,437.0,22764.656666666662,1.0
Energy,13385.38,438.0,15965.103333333327,2.0
Energy,40716.24,439.0,24030.19666666666,3.0
Energy,99073.46,440.0,51058.35999999999,4.0
Energy,17381.95,441.0,52390.549999999996,5.0
Energy,40174.58,442.0,52209.996666666666,6.0
Energy,71932.96,443.0,43163.16333333333,7.0
Energy,64639.49,444.0,58915.676666666666,8.0
Energy,9169.74,445.0,48580.73,9.0
Energy,87052.93,446.0,53620.719999999994,10.0
Energy,22683.43,447.0,39635.36666666666,11.0
Energy,22965.29,448.0,44233.883333333324,12.0
Energy,23221.73,449.0,22956.816666666662,13.0
Energy,40918.27,450.0,29035.09666666666,14.0
Energy,43007.49,451.0,35715.829999999994,15.0
Energy,18747.11,452.0,34224.29,16.0
Energy,45276.88,453.0,35677.159999999996,17.0
Energy,32377.11,454.0,32133.699999999993,18.0
Energy,87679.6,455.0,55111.196666666656,19.0
Energy,44110.63,456.0,54722.446666666656,20.0
Energy,91839.25,457.0,74543.15999999999,21.0
Energy,4958.7,458.0,46969.526666666665,22.0
Energy,66968.38,459.0,54588.77666666665,23.0
Energy,52124.29,460.0,41350.45666666666,24.0
Energy,81367.81,461.0,66820.15999999999,25.0
Energy,76869.34,462.0,70120.47999999998,26.0
Energy,27025.5,463.0,61754.21666666665,27.0
Energy,80853.3,464.0,61582.71333333332,28.0
Energy,4531.62,465.0,37470.139999999985,29.0
Energy,94211.53,466.0,59865.483333333315,30.0
Energy,89299.64,467.0,62680.929999999986,31.0
Energy,97020.12,468.0,93510.42999999998,32.0
Energy,15341.79,469.0,67220.51666666665,33.0
Energy,7382.02,470.0,39914.64333333332,34.0
Energy,80152.68,471.0,34292.163333333316,35.0
Energy,57349.23,472.0,48294.64333333332,36.0
Energy,37541.41,473.0,58347.773333333316,37.0
Energy,44079.52,474.0,46323.38666666666,38.0
Energy,86331.36,475.0,55984.09666666665,39.0
Energy,71424.71,476.0,67278.52999999998,40.0
Energy,35734.32,477.0,64496.796666666654,41.0
Energy,29379.28,478.0,45512.76999999999,42.0
Energy,4257.38,479.0,23123.659999999985,43.0
Energy,13953.63,480.0,15863.429999999984,44.0
Energy,5595.12,481.0,7935.3766666666515,45.0
Energy,83139.8,482.0,34229.516666666656,46.0
Energy,1256.68,483.0,29997.199999999983,47.0
Energy,29858.9,484.0,38085.126666666656,48.0
Energy,44771.63,485.0,25295.736666666653,49.0
Energy,36842.04,486.0,37157.52333333332,50.0
Energy,57098.08,487.0,46237.24999999998,51.0
Energy,9254.95,488.0,34398.35666666665,52.0
Energy,22086.1,489.0,29479.70999999999,53.0
Energy,73764.73,490.0,35035.25999999999,54.0
Energy,98062.44,491.0,64637.75666666665,55.0
Energy,48889.77,492.0,73572.31333333331,56.0
Energy,52063.27,493.0,66338.49333333333,57.0
Energy,95212.94,494.0,65388.65999999998,58.0
Energy,16814.35,495.0,54696.853333333325,59.0
Energy,18400.88,496.0,43476.05666666665,60.0
Energy,9275.51,497.0,14830.246666666651,61.0
Energy,64782.22,498.0,30819.536666666652,62.0
Energy,39073.53,499.0,37710.419999999984,63.0
Energy,41101.9,500.0,48319.21666666665,64.0
Energy,70935.55,501.0,50370.32666666665,65.0
Energy,83722.94,502.0,65253.46333333332,66.0
Energy,2886.87,503.0,52515.11999999999,67.0
Energy,31412.95,504.0,39340.919999999984,68.0
Energy,6824.25,505.0,13708.023333333314,69.0
Energy,47877.61,506.0,28704.936666666646,70.0
Energy,5226.69,507.0,19976.183333333316,71.0
Energy,10346.14,508.0,21150.14666666665,72.0
Energy,73110.06,509.0,29560.963333333315,73.0
Energy,91356.42,510.0,58270.873333333315,74.0
Energy,90041.2,511.0,84835.89333333331,75.0
Energy,24381.9,512.0,68593.17333333332,76.0
Energy,95978.31,513.0,70133.80333333332,77.0
Energy,28260.98,514.0,49540.396666666646,78.0
Energy,12783.78,515.0,45674.35666666665,79.0
Energy,89538.26,516.0,43527.67333333332,80.0
Energy,70920.65,517.0,57747.56333333332,81.0
Energy,47351.67,518.0,69270.19333333331,82.0
Energy,82564.87,519.0,66945.72999999998,83.0
Energy,77437.56,520.0,69118.03333333331,84.0
Energy,42085.4,521.0,67362.60999999997,85.0
Energy,4434.1,522.0,41319.01999999998,86.0
Energy,62049.54,523.0,36189.679999999986,87.0
Energy,86929.71,524.0,51137.783333333326,88.0
Energy,48925.34,525.0,65968.19666666666,89.0
Energy,52770.72,526.0,62875.25666666665,90.0
Energy,40515.82,527.0,47403.95999999999,91.0
Energy,53168.53,528.0,48818.35666666666,92.0
Energy,18473.93,529.0,37386.09333333332,93.0
Energy,27006.96,530.0,32883.139999999985,94.0
Energy,18856.13,531.0,21445.673333333325,95.0
Energy,31403.76,532.0,25755.616666666658,96.0
Energy,48834.11,533.0,33031.33333333332,97.0
Energy,78757.8,534.0,52998.556666666664,98.0
Energy,93024.65,535.0,73538.85333333332,99.0
Energy,23474.77,536.0,65085.73999999998,100.0
Finance,56383.98,1776.0,65828.9433333333,1.0
Finance,98433.17,1777.0,76413.94999999997,2.0
Finance,70501.78,1778.0,75106.30999999995,3.0
Finance,59800.29,1779.0,76245.07999999997,4.0
Finance,13227.02,1780.0,47843.02999999997,5.0
Finance,88820.77,1781.0,53949.359999999964,6.0
Finance,95821.97,1782.0,65956.58666666663,7.0
Finance,36016.64,1783.0,73553.12666666663,8.0
Finance,36961.46,1784.0,56266.689999999966,9.0
Finance,67623.4,1785.0,46867.16666666663,10.0
Finance,91835.39,1786.0,65473.41666666663,11.0
Finance,67711.6,1787.0,75723.4633333333,12.0
Finance,63452.32,1788.0,74333.1033333333,13.0
Finance,39379.26,1789.0,56847.72666666665,14.0
Finance,70192.7,1790.0,57674.75999999997,15.0
Finance,99811.53,1791.0,69794.49666666663,16.0
Finance,92885.69,1792.0,87629.97333333331,17.0
Finance,52371.25,1793.0,81689.48999999998,18.0
Finance,95353.25,1794.0,80203.39666666664,19.0
Finance,85369.78,1795.0,77698.09333333331,20.0
Finance,27271.92,1796.0,69331.64999999997,21.0
Finance,78909.8,1797.0,63850.49999999997,22.0
Finance,94829.74,1798.0,67003.81999999996,23.0
Finance,70649.19,1799.0,81462.90999999997,24.0
Finance,98592.34,1800.0,88023.75666666664,25.0
Finance,37216.35,1801.0,68819.2933333333,26.0
Finance,58761.08,1802.0,64856.58999999997,27.0
Finance,15549.94,1803.0,37175.78999999997,28.0
Finance,59518.51,1804.0,44609.8433333333,29.0
Finance,8423.14,1805.0,27830.529999999973,30.0
Finance,96924.6,1806.0,54955.41666666665,31.0
Finance,50867.47,1807.0,52071.736666666635,32.0
Finance,5812.4,1808.0,51201.48999999997,33.0
Finance,80557.14,1809.0,45745.66999999996,34.0
Finance,78704.96,1810.0,55024.83333333331,35.0
Finance,6148.07,1811.0,55136.723333333306,36.0
Finance,26662.25,1812.0,37171.75999999997,37.0
Finance,69460.14,1813.0,34090.15333333331,38.0
Finance,9068.18,1814.0,35063.52333333331,39.0
Finance,15844.12,1815.0,31457.479999999978,40.0
Finance,84135.55,1816.0,36349.283333333304,41.0
Finance,89476.56,1817.0,63152.07666666664,42.0
Finance,95532.7,1818.0,89714.93666666665,43.0
Finance,65990.41,1819.0,83666.55666666664,44.0
Finance,44835.43,1820.0,68786.17999999998,45.0
Finance,45059.91,1821.0,51961.916666666635,46.0
Finance,55959.37,1822.0,48618.236666666635,47.0
Finance,11477.16,1823.0,37498.81333333331,48.0
Finance,17078.24,1824.0,28171.589999999967,49.0
Finance,51634.66,1825.0,26730.01999999997,50.0
Finance,50341.32,1826.0,39684.73999999997,51.0
Finance,56745.34,1827.0,52907.10666666664,52.0
Finance,50959.34,1828.0,52681.99999999997,53.0
Finance,86424.53,1829.0,64709.736666666635,54.0
Finance,14841.86,1830.0,50741.909999999974,55.0
Finance,6170.75,1831.0,35812.37999999997,56.0
Finance,84734.66,1832.0,35249.089999999975,57.0
Finance,70774.55,1833.0,53893.31999999997,58.0
Finance,84311.86,1834.0,79940.35666666664,59.0
Finance,38108.09,1835.0,64398.166666666635,60.0
Finance,45013.86,1836.0,55811.26999999997,61.0
Finance,35303.67,1837.0,39475.206666666636,62.0
Finance,71889.02,1838.0,50735.51666666664,63.0
Finance,31711.94,1839.0,46301.543333333306,64.0
Finance,66487.22,1840.0,56696.059999999976,65.0
Finance,26964.61,1841.0,41721.25666666664,66.0
Finance,31689.89,1842.0,41713.90666666664,67.0
Finance,62368.7,1843.0,40341.06666666664,68.0
Finance,27125.98,1844.0,40394.85666666664,69.0
Finance,75834.56,1845.0,55109.74666666664,70.0
Finance,33918.01,1846.0,45626.1833333333,71.0
Finance,76352.94,1847.0,62035.16999999996,72.0
Finance,96031.28,1848.0,68767.40999999997,73.0
Finance,14792.02,1849.0,62392.079999999965,74.0
Finance,43471.92,1850.0,51431.73999999997,75.0
Finance,4072.42,1851.0,20778.786666666634,76.0
Finance,62811.14,1852.0,36785.15999999997,77.0
Finance,24052.69,1853.0,30312.0833333333,78.0
Finance,89384.9,1854.0,58749.57666666663,79.0
Finance,11934.43,1855.0,41790.6733333333,80.0
Finance,20121.54,1856.0,40480.289999999964,81.0
Finance,5044.63,1857.0,12366.866666666632,82.0
Finance,22721.93,1858.0,15962.699999999968,83.0
Finance,99443.1,1859.0,42403.21999999997,84.0
Finance,25032.54,1860.0,49065.85666666664,85.0
Finance,27065.73,1861.0,50513.78999999997,86.0
Finance,13620.3,1862.0,21906.189999999973,87.0
Finance,45591.94,1863.0,28759.323333333305,88.0
Finance,4400.52,1864.0,21204.25333333331,89.0
Finance,99597.83,1865.0,49863.42999999997,90.0
Finance,23102.14,1866.0,42366.82999999997,91.0
Finance,32761.37,1867.0,51820.446666666634,92.0
Finance,90078.23,1868.0,48647.24666666664,93.0
Finance,94153.43,1869.0,72331.00999999997,94.0
Finance,88228.71,1870.0,90820.1233333333,95.0
Finance,4217.59,1871.0,62199.909999999974,96.0
Finance,62388.63,1872.0,51611.64333333331,97.0
Finance,57382.19,1873.0,41329.46999999997,98.0
Finance,52429.57,1874.0,57400.129999999976,99.0
Finance,12190.54,1875.0,40667.433333333305,100.0
Health Care,56275.9,1315.0,42465.943333333395,1.0
Health Care,85405.58,1316.0,65724.10666666673,2.0
Health Care,10359.15,1317.0,50680.21000000006,3.0
Health Care,77142.11,1318.0,57635.6133333334,4.0
Health Care,69340.44,1319.0,52280.56666666673,5.0
Health Care,30309.49,1320.0,58930.68000000006,6.0
Health Care,28747.28,1321.0,42799.07000000006,7.0
Health Care,29257.78,1322.0,29438.183333333393,8.0
Health Care,51366.64,1323.0,36457.23333333339,9.0
Health Care,61591.44,1324.0,47405.28666666672,10.0
Health Care,99224.2,1325.0,70727.42666666672,11.0
Health Care,67481.25,1326.0,76098.96333333339,12.0
Health Care,9832.0,1327.0,58845.81666666673,13.0
Health Care,9193.64,1328.0,28835.63000000006,14.0
Health Care,77059.45,1329.0,32028.36333333339,15.0
Health Care,70025.13,1330.0,52092.740000000056,16.0
Health Care,9096.94,1331.0,52060.50666666673,17.0
Health Care,23131.49,1332.0,34084.520000000055,18.0
Health Care,17394.6,1333.0,16541.010000000057,19.0
Health Care,46383.37,1334.0,28969.820000000054,20.0
Health Care,9371.71,1335.0,24383.226666666724,21.0
Health Care,90986.14,1336.0,48913.740000000056,22.0
Health Care,32517.91,1337.0,44291.920000000064,23.0
Health Care,39454.26,1338.0,54319.43666666673,24.0
Health Care,75804.5,1339.0,49258.89000000005,25.0
Health Care,40292.15,1340.0,51850.303333333395,26.0
Health Care,42562.77,1341.0,52886.473333333386,27.0
Health Care,60084.87,1342.0,47646.59666666673,28.0
Health Care,6162.03,1343.0,36269.890000000065,29.0
Health Care,612.75,1344.0,22286.55000000006,30.0
Health Care,26941.45,1345.0,11238.74333333339,31.0
Health Care,21905.34,1346.0,16486.51333333339,32.0
Health Care,64136.9,1347.0,37661.23000000006,33.0
Health Care,67467.07,1348.0,51169.770000000055,34.0
Health Care,51709.58,1349.0,61104.51666666673,35.0
Health Care,97660.24,1350.0,72278.96333333339,36.0
Health Care,22372.85,1351.0,57247.55666666673,37.0
Health Care,56279.52,1352.0,58770.87000000005,38.0
Health Care,98696.95,1353.0,59116.44000000006,39.0
Health Care,67934.68,1354.0,74303.71666666672,40.0
Health Care,98628.73,1355.0,88420.12000000005,41.0
Health Care,18690.78,1356.0,61751.39666666672,42.0
Health Care,33337.06,1357.0,50218.856666666725,43.0
Health Care,58648.8,1358.0,36892.21333333339,44.0
Health Care,69159.71,1359.0,53715.19000000006,45.0
Health Care,42336.34,1360.0,56714.95000000006,46.0
Health Care,62278.02,1361.0,57924.69000000006,47.0
Health Care,49483.58,1362.0,51365.98000000006,48.0
Health Care,56624.55,1363.0,56128.716666666725,49.0
Health Care,81506.92,1364.0,62538.350000000064,50.0
Health Care,90368.89,1365.0,76166.78666666673,51.0
Health Care,39798.29,1366.0,70558.0333333334,52.0
Health Care,50191.74,1367.0,60119.64000000005,53.0
Health Care,12556.47,1368.0,34182.16666666672,54.0
Health Care,44545.82,1369.0,35764.676666666724,55.0
Health Care,8094.73,1370.0,21732.34000000006,56.0
Health Care,35364.5,1371.0,29335.016666666725,57.0
Health Care,33261.89,1372.0,25573.706666666723,58.0
Health Care,98247.23,1373.0,55624.54000000006,59.0
Health Care,55565.07,1374.0,62358.06333333339,60.0
Health Care,72016.13,1375.0,75276.14333333338,61.0
Health Care,6749.99,1376.0,44777.06333333339,62.0
Health Care,75092.29,1377.0,51286.13666666672,63.0
Health Care,25745.56,1378.0,35862.61333333339,64.0
Health Care,54588.36,1379.0,51808.73666666672,65.0
Health Care,48977.73,1380.0,43103.88333333339,66.0
Health Care,24344.22,1381.0,42636.770000000055,67.0
Health Care,21352.46,1382.0,31558.136666666727,68.0
Health Care,13972.39,1383.0,19889.690000000057,69.0
Health Care,3.43,1384.0,11776.09333333339,70.0
Health Care,64382.27,1385.0,26119.36333333339,71.0
Health Care,98654.4,1386.0,54346.70000000005,72.0
Health Care,40623.69,1387.0,67886.78666666673,73.0
Health Care,54595.96,1388.0,64624.683333333385,74.0
Health Care,913.85,1389.0,32044.50000000006,75.0
Health Care,36134.67,1390.0,30548.160000000058,76.0
Health Care,27289.36,1391.0,21445.960000000057,77.0
Health Care,70828.3,1392.0,44750.77666666673,78.0
Health Care,77188.29,1393.0,58435.31666666673,79.0
Health Care,23687.36,1394.0,57234.65000000006,80.0
Health Care,32121.73,1395.0,44332.46000000006,81.0
Health Care,74231.26,1396.0,43346.78333333339,82.0
Health Care,57341.66,1397.0,54564.88333333339,83.0
Health Care,57783.14,1398.0,63118.68666666673,84.0
Health Care,56956.76,1399.0,57360.520000000055,85.0
Health Care,39210.32,1400.0,51316.740000000056,86.0
Health Care,97877.24,1401.0,64681.44000000006,87.0
Health Care,69617.74,1402.0,68901.76666666672,88.0
Health Care,54133.25,1403.0,73876.07666666672,89.0
Health Care,83663.69,1404.0,69138.22666666673,90.0
Health Care,34394.65,1405.0,57397.196666666736,91.0
Health Care,74208.39,1406.0,64088.910000000054,92.0
Health Care,10199.1,1407.0,39600.71333333339,93.0
Health Care,85274.44,1408.0,56560.64333333339,94.0
Health Care,37633.38,1409.0,44368.97333333339,95.0
Health Care,40070.82,1410.0,54326.2133333334,96.0
Health Care,73954.07,1411.0,50552.75666666673,97.0
Health Care,24100.3,1412.0,46041.73000000006,98.0
Health Care,63714.43,1413.0,53922.933333333385,99.0
Health Care,95679.27,1414.0,61164.66666666672,100.0
Miscellaneous,6842.4,195.0,39576.14,1.0
Miscellaneous,8249.57,196.0,32884.67333333333,2.0
Miscellaneous,69421.39,197.0,28171.12,3.0
Miscellaneous,79645.07,198.0,52438.67666666667,4.0
Miscellaneous,43355.21,199.0,64140.55666666667,5.0
Miscellaneous,40178.49,200.0,54392.92333333334,6.0
Miscellaneous,19406.87,201.0,34313.52333333333,7.0
Miscellaneous,66982.67,202.0,42189.34333333333,8.0
Miscellaneous,29170.6,203.0,38520.04666666666,9.0
Miscellaneous,21625.22,204.0,39259.496666666666,10.0
Miscellaneous,89782.53,205.0,46859.44999999999,11.0
Miscellaneous,68130.48,206.0,59846.07666666666,12.0
Miscellaneous,5900.73,207.0,54604.579999999994,13.0
Miscellaneous,84983.21,208.0,53004.806666666664,14.0
Miscellaneous,4952.86,209.0,31945.599999999995,15.0
Miscellaneous,35991.38,210.0,41975.81666666666,16.0
Miscellaneous,62640.69,211.0,34528.31,17.0
Miscellaneous,8007.17,212.0,35546.41333333333,18.0
Miscellaneous,7380.1,213.0,26009.319999999992,19.0
Miscellaneous,23031.16,214.0,12806.143333333328,20.0
Miscellaneous,11447.7,215.0,13952.986666666664,21.0
Miscellaneous,4378.72,216.0,12952.52666666666,22.0
Miscellaneous,89962.02,217.0,35262.81333333333,23.0
Miscellaneous,36003.21,218.0,43447.98333333333,24.0
Miscellaneous,54315.15,219.0,60093.46,25.0
Miscellaneous,13093.27,220.0,34470.54333333333,26.0
Miscellaneous,47358.42,221.0,38255.61333333333,27.0
Miscellaneous,2575.26,222.0,21008.98333333333,28.0
Miscellaneous,48353.48,223.0,32762.38666666667,29.0
Miscellaneous,72842.44,224.0,41257.060000000005,30.0
Miscellaneous,92057.0,225.0,71084.30666666667,31.0
Miscellaneous,37306.11,226.0,67401.84999999999,32.0
Miscellaneous,66720.83,227.0,65361.31333333333,33.0
Miscellaneous,60981.15,228.0,55002.69666666666,34.0
Miscellaneous,19432.48,229.0,49044.82,35.0
Miscellaneous,97824.72,230.0,59412.78333333333,36.0
Miscellaneous,19263.96,231.0,45507.05333333334,37.0
Miscellaneous,29399.03,232.0,48829.236666666664,38.0
Miscellaneous,14280.21,233.0,20981.066666666666,39.0
Miscellaneous,6629.85,234.0,16769.696666666667,40.0
Miscellaneous,23463.07,235.0,14791.043333333333,41.0
Miscellaneous,10879.38,236.0,13657.433333333332,42.0
Miscellaneous,7702.97,237.0,14015.14,43.0
Miscellaneous,30115.43,238.0,16232.593333333332,44.0
Miscellaneous,52415.78,239.0,30078.059999999998,45.0
Miscellaneous,97883.17,240.0,60138.12666666667,46.0
Miscellaneous,22969.32,241.0,57756.090000000004,47.0
Miscellaneous,10603.73,242.0,43818.74,48.0
Miscellaneous,50668.54,243.0,28080.53,49.0
Miscellaneous,93748.34,244.0,51673.53666666666,50.0
Miscellaneous,95270.38,245.0,79895.75333333333,51.0
Miscellaneous,18488.2,246.0,69168.97333333333,52.0
Miscellaneous,28385.49,247.0,47381.35666666667,53.0
Miscellaneous,53794.03,248.0,33555.90666666666,54.0
Miscellaneous,25981.18,249.0,36053.56666666666,55.0
Miscellaneous,61903.93,250.0,47226.38,56.0
Miscellaneous,17859.3,251.0,35248.136666666665,57.0
Miscellaneous,10195.05,252.0,29986.093333333323,58.0
Miscellaneous,59057.98,253.0,29037.44333333333,59.0
Miscellaneous,66802.72,254.0,45351.916666666664,60.0
Miscellaneous,86919.14,255.0,70926.61333333333,61.0
Miscellaneous,37866.28,256.0,63862.713333333326,62.0
Miscellaneous,1149.26,257.0,41978.22666666666,63.0
Miscellaneous,4391.22,258.0,14468.919999999996,64.0
Miscellaneous,89212.43,259.0,31584.303333333326,65.0
Miscellaneous,20383.32,260.0,37995.656666666655,66.0
Miscellaneous,22965.18,261.0,44186.97666666666,67.0
Miscellaneous,73396.07,262.0,38914.85666666667,68.0
Miscellaneous,78146.31,263.0,58169.18666666667,69.0
Miscellaneous,93714.05,264.0,81752.14333333333,70.0
Miscellaneous,26537.41,265.0,66132.59,71.0
Miscellaneous,15488.02,266.0,45246.493333333325,72.0
Miscellaneous,72829.95,267.0,38285.12666666666,73.0
Miscellaneous,33472.83,268.0,40596.93333333333,74.0
Miscellaneous,34556.47,269.0,46953.083333333336,75.0
Miscellaneous,77314.61,270.0,48447.969999999994,76.0
Miscellaneous,38960.36,271.0,50277.14666666667,77.0
Miscellaneous,94872.43,272.0,70382.46666666666,78.0
Miscellaneous,93733.06,273.0,75855.28333333333,79.0
Miscellaneous,57720.05,274.0,82108.51333333332,80.0
Miscellaneous,33437.64,275.0,61630.25,81.0
Miscellaneous,51552.99,276.0,47570.22666666666,82.0
Miscellaneous,63364.36,277.0,49451.66333333333,83.0
Miscellaneous,30068.54,278.0,48328.63,84.0
Miscellaneous,69332.78,279.0,54255.22666666666,85.0
Miscellaneous,74604.41,280.0,58001.909999999996,86.0
Miscellaneous,59930.98,281.0,67956.05666666667,87.0
Miscellaneous,71756.81,282.0,68764.06666666667,88.0
Miscellaneous,53349.26,283.0,61679.01666666666,89.0
Miscellaneous,36034.86,284.0,53713.64333333333,90.0
Miscellaneous,6279.9,285.0,31888.006666666668,91.0
Miscellaneous,47838.95,286.0,30051.236666666664,92.0
Miscellaneous,84646.1,287.0,46254.98333333334,93.0
Miscellaneous,36699.32,288.0,56394.79,94.0
Miscellaneous,70400.55,289.0,63915.323333333334,95.0
Miscellaneous,34006.38,290.0,47035.416666666664,96.0
Miscellaneous,27457.24,291.0,43954.72333333333,97.0
Miscellaneous,32370.7,292.0,31278.10666666667,98.0
Miscellaneous,90057.09,293.0,49961.676666666666,99.0
Miscellaneous,17831.92,294.0,46753.236666666664,100.0
Public Utilities,63266.75,372.0,52831.82333333334,1.0
Public Utilities,47714.79,373.0,60949.210000000014,2.0
Public Utilities,76712.06,374.0,62564.53333333335,3.0
Public Utilities,26567.42,375.0,50331.42333333334,4.0
Public Utilities,92018.96,376.0,65099.48000000001,5.0
Public Utilities,35168.87,377.0,51251.75000000001,6.0
Public Utilities,58707.0,378.0,61964.94333333335,7.0
Public Utilities,87812.63,379.0,60562.83333333335,8.0
Public Utilities,10933.95,380.0,52484.52666666668,9.0
Public Utilities,241.04,381.0,32995.87333333335,10.0
Public Utilities,63180.99,382.0,24785.32666666668,11.0
Public Utilities,45480.64,383.0,36300.890000000014,12.0
Public Utilities,70402.69,384.0,59688.10666666668,13.0
Public Utilities,79904.86,385.0,65262.73000000002,14.0
Public Utilities,11110.91,386.0,53806.15333333334,15.0
Public Utilities,38285.81,387.0,43100.52666666668,16.0
Public Utilities,17391.37,388.0,22262.69666666668,17.0
Public Utilities,42235.6,389.0,32637.59333333335,18.0
Public Utilities,47620.91,390.0,35749.29333333335,19.0
Public Utilities,1678.37,391.0,30511.62666666668,20.0
Public Utilities,29873.88,392.0,26391.053333333348,21.0
Public Utilities,13661.38,393.0,15071.210000000014,22.0
Public Utilities,70060.96,394.0,37865.406666666684,23.0
Public Utilities,21683.57,395.0,35135.30333333335,24.0
Public Utilities,66709.02,396.0,52817.85000000001,25.0
Public Utilities,30197.08,397.0,39529.890000000014,26.0
Public Utilities,82648.09,398.0,59851.396666666675,27.0
Public Utilities,85769.29,399.0,66204.82,28.0
Public Utilities,65744.55,400.0,78053.97666666667,29.0
Public Utilities,47013.08,401.0,66175.64000000001,30.0
Public Utilities,49357.51,402.0,54038.38000000001,31.0
Public Utilities,50317.23,403.0,48895.940000000024,32.0
Public Utilities,17939.17,404.0,39204.63666666668,33.0
Public Utilities,4316.8,405.0,24191.066666666684,34.0
Public Utilities,96345.08,406.0,39533.68333333335,35.0
Public Utilities,31352.02,407.0,44004.63333333335,36.0
Public Utilities,13759.55,408.0,47152.21666666668,37.0
Public Utilities,8302.51,409.0,17804.693333333347,38.0
Public Utilities,36914.51,410.0,19658.856666666685,39.0
Public Utilities,49156.36,411.0,31457.793333333346,40.0
Public Utilities,97458.47,412.0,61176.44666666668,41.0
Public Utilities,5989.49,413.0,50868.10666666668,42.0
Public Utilities,97181.81,414.0,66876.59000000001,43.0
Public Utilities,41420.03,415.0,48197.110000000015,44.0
Public Utilities,45047.8,416.0,61216.54666666669,45.0
Public Utilities,61608.85,417.0,49358.89333333335,46.0
Public Utilities,24803.63,418.0,43820.09333333335,47.0
Public Utilities,60920.16,419.0,49110.88000000001,48.0
Public Utilities,77656.46,420.0,54460.08333333335,49.0
Public Utilities,33888.57,421.0,57488.396666666675,50.0
Public Utilities,83525.96,422.0,65023.66333333335,51.0
Public Utilities,14518.18,423.0,43977.570000000014,52.0
Public Utilities,82267.38,424.0,60103.84000000002,53.0
Public Utilities,97794.55,425.0,64860.03666666668,54.0
Public Utilities,41492.64,426.0,73851.52333333336,55.0
Public Utilities,16551.0,427.0,51946.06333333335,56.0
Public Utilities,90861.87,428.0,49635.17000000002,57.0
Public Utilities,19897.14,429.0,42436.67000000002,58.0
Public Utilities,94627.3,430.0,68462.10333333335,59.0
Public Utilities,1604.42,431.0,38709.62000000002,60.0
Public Utilities,35805.45,432.0,44012.390000000014,61.0
Public Utilities,11338.06,433.0,16249.310000000018,62.0
Public Utilities,57091.38,434.0,34744.96333333335,63.0
Public Utilities,61046.43,435.0,43158.62333333335,64.0
Public Utilities,9228.6,436.0,42455.47000000002,65.0
Public Utilities,23201.7,437.0,31158.910000000018,66.0
Public Utilities,1079.72,438.0,11170.006666666688,67.0
Public Utilities,51467.9,439.0,25249.773333333356,68.0
Public Utilities,61207.39,440.0,37918.33666666669,69.0
Public Utilities,82813.46,441.0,65162.916666666686,70.0
Public Utilities,41263.45,442.0,61761.43333333335,71.0
Public Utilities,67829.57,443.0,63968.82666666668,72.0
Public Utilities,89907.82,444.0,66333.61333333336,73.0
Public Utilities,56182.8,445.0,71306.73000000003,74.0
Public Utilities,25255.61,446.0,57115.41000000001,75.0
Public Utilities,86218.53,447.0,55885.64666666669,76.0
Public Utilities,39159.09,448.0,50211.07666666668,77.0
Public Utilities,57536.21,449.0,60971.27666666668,78.0
Public Utilities,46373.02,450.0,47689.440000000024,79.0
Public Utilities,12008.04,451.0,38639.09000000002,80.0
Public Utilities,83844.58,452.0,47408.54666666669,81.0
Public Utilities,8159.53,453.0,34670.716666666696,82.0
Public Utilities,36284.57,454.0,42762.89333333336,83.0
Public Utilities,70292.47,455.0,38245.52333333336,84.0
Public Utilities,54649.6,456.0,53742.213333333355,85.0
Public Utilities,41389.81,457.0,55443.96000000002,86.0
Public Utilities,47624.74,458.0,47888.050000000025,87.0
Public Utilities,33411.84,459.0,40808.79666666668,88.0
Public Utilities,74715.06,460.0,51917.213333333355,89.0
Public Utilities,98817.08,461.0,68981.32666666669,90.0
Public Utilities,21389.09,462.0,64973.743333333354,91.0
Public Utilities,61353.01,463.0,60519.72666666669,92.0
Public Utilities,70949.54,464.0,51230.54666666669,93.0
Public Utilities,23276.88,465.0,51859.81000000003,94.0
Public Utilities,24372.21,466.0,39532.876666666685,95.0
Public Utilities,54967.6,467.0,34205.56333333336,96.0
Public Utilities,19052.6,468.0,32797.47000000002,97.0
Public Utilities,73871.46,469.0,49297.22000000003,98.0
Public Utilities,14609.25,470.0,35844.4366666667,99.0
Public Utilities,76222.36,471.0,54901.02333333335,100.0
Technology,86074.98,1022.0,61118.353333333354,1.0
Technology,45648.07,1023.0,54039.74000000002,2.0
Technology,60578.22,1024.0,64100.42333333335,3.0
Technology,64940.38,1025.0,57055.55666666669,4.0
Technology,84960.59,1026.0,70159.73000000003,5.0
Technology,72007.04,1027.0,73969.33666666668,6.0
Technology,99646.5,1028.0,85538.04333333335,7.0
Technology,25515.88,1029.0,65723.14000000003,8.0
Technology,77283.6,1030.0,67481.99333333336,9.0
Technology,83031.97,1031.0,61943.81666666669,10.0
Technology,1114.7,1032.0,53810.090000000026,11.0
Technology,93905.04,1033.0,59350.57000000003,12.0
Technology,84731.38,1034.0,59917.040000000015,13.0
Technology,96458.1,1035.0,91698.17333333335,14.0
Technology,27756.44,1036.0,69648.64000000003,15.0
Technology,79510.86,1037.0,67908.46666666669,16.0
Technology,54860.78,1038.0,54042.69333333336,17.0
Technology,3611.28,1039.0,45994.30666666669,18.0
Technology,1096.87,1040.0,19856.310000000023,19.0
Technology,37482.68,1041.0,14063.610000000024,20.0
Technology,95508.69,1042.0,44696.08000000002,21.0
Technology,78869.76,1043.0,70620.37666666669,22.0
Technology,10146.16,1044.0,61508.20333333336,23.0
Technology,2261.71,1045.0,30425.87666666669,24.0
Technology,49224.41,1046.0,20544.09333333336,25.0
Technology,88014.17,1047.0,46500.0966666667,26.0
Technology,70721.57,1048.0,69320.05000000003,27.0
Technology,78747.64,1049.0,79161.12666666669,28.0
Technology,23591.52,1050.0,57686.910000000025,29.0
Technology,45740.84,1051.0,49360.00000000002,30.0
Technology,79451.08,1052.0,49594.48000000002,31.0
Technology,18350.28,1053.0,47847.40000000002,32.0
Technology,8949.48,1054.0,35583.61333333336,33.0
Technology,87313.42,1055.0,38204.393333333355,34.0
Technology,25849.59,1056.0,40704.16333333335,35.0
Technology,46032.26,1057.0,53065.090000000026,36.0
Technology,83873.17,1058.0,51918.340000000026,37.0
Technology,10418.84,1059.0,46774.75666666669,38.0
Technology,50242.16,1060.0,48178.05666666669,39.0
Technology,62689.98,1061.0,41116.993333333354,40.0
Technology,19859.69,1062.0,44263.94333333336,41.0
Technology,14891.63,1063.0,32480.43333333336,42.0
Technology,96708.0,1064.0,43819.77333333335,43.0
Technology,5385.4,1065.0,38995.01000000002,44.0
Technology,44073.6,1066.0,48722.33333333335,45.0
Technology,47265.45,1067.0,32241.483333333355,46.0
Technology,26986.69,1068.0,39441.91333333336,47.0
Technology,94461.59,1069.0,56237.910000000025,48.0
Technology,17028.95,1070.0,46159.07666666669,49.0
Technology,26357.48,1071.0,45949.340000000026,50.0
Technology,46512.71,1072.0,29966.380000000023,51.0
Technology,28898.62,1073.0,33922.93666666669,52.0
Technology,51221.56,1074.0,42210.963333333355,53.0
Technology,9066.57,1075.0,29728.916666666686,54.0
Technology,31494.11,1076.0,30594.080000000027,55.0
Technology,99229.8,1077.0,46596.82666666669,56.0
Technology,98999.48,1078.0,76574.46333333336,57.0
Technology,6611.07,1079.0,68280.11666666668,58.0
Technology,23435.8,1080.0,43015.45000000002,59.0
Technology,44006.36,1081.0,24684.410000000018,60.0
Technology,30339.54,1082.0,32593.900000000023,61.0
Technology,31725.47,1083.0,35357.12333333335,62.0
Technology,56533.46,1084.0,39532.823333333356,63.0
Technology,44083.1,1085.0,44114.01000000002,64.0
Technology,41314.73,1086.0,47310.430000000015,65.0
Technology,40854.55,1087.0,42084.126666666685,66.0
Technology,81621.09,1088.0,54596.790000000015,67.0
Technology,12858.77,1089.0,45111.47000000002,68.0
Technology,62188.07,1090.0,52222.64333333335,69.0
Technology,91190.34,1091.0,55412.39333333335,70.0
Technology,16067.61,1092.0,56482.00666666669,71.0
Technology,54469.14,1093.0,53909.03000000002,72.0
Technology,91503.77,1094.0,54013.50666666669,73.0
Technology,94422.29,1095.0,80131.73333333335,74.0
Technology,32971.82,1096.0,72965.96000000002,75.0
Technology,74931.58,1097.0,67441.89666666668,76.0
Technology,32598.01,1098.0,46833.80333333335,77.0
Technology,59819.85,1099.0,55783.14666666669,78.0
Technology,74179.13,1100.0,55532.330000000016,79.0
Technology,26440.15,1101.0,53479.71000000002,80.0
Technology,60215.48,1102.0,53611.58666666669,81.0
Technology,92811.6,1103.0,59822.410000000025,82.0
Technology,87037.48,1104.0,80021.52000000002,83.0
Technology,36772.93,1105.0,72207.33666666668,84.0
Technology,61338.25,1106.0,61716.22000000002,85.0
Technology,71564.77,1107.0,56558.65000000002,86.0
Technology,40688.91,1108.0,57863.976666666684,87.0
Technology,19262.98,1109.0,43838.88666666669,88.0
Technology,58173.92,1110.0,39375.27000000001,89.0
Technology,19937.95,1111.0,32458.283333333344,90.0
Technology,30442.5,1112.0,36184.790000000015,91.0
Technology,10663.63,1113.0,20348.026666666683,92.0
Technology,40390.52,1114.0,27165.550000000017,93.0
Technology,89252.36,1115.0,46768.83666666668,94.0
Technology,92146.15,1116.0,73929.67666666668,95.0
Technology,78673.15,1117.0,86690.55333333334,96.0
Technology,28113.08,1118.0,66310.79333333333,97.0
Technology,4506.73,1119.0,37097.65333333334,98.0
Technology,90267.53,1120.0,40962.44666666668,99.0
Technology,38802.75,1121.0,44525.670000000006,100.0
Transportation,63988.86,127.0,59230.443333333336,1.0
Transportation,77616.3,128.0,76787.65000000001,2.0
Transportation,32502.96,129.0,58036.04,3.0
Transportation,18062.27,130.0,42727.176666666666,4.0
Transportation,21494.29,131.0,24019.84,5.0
Transportation,64492.4,132.0,34682.986666666664,6.0
Transportation,416.35,133.0,28801.013333333332,7.0
Transportation,37435.66,134.0,34114.80333333334,8.0
Transportation,82151.1,135.0,40001.03666666667,9.0
Transportation,84981.09,136.0,68189.28333333333,10.0
Transportation,48846.94,137.0,71993.04333333333,11.0
Transportation,35081.08,138.0,56303.03666666666,12.0
Transportation,65037.2,139.0,49655.07333333333,13.0
Transportation,74118.62,140.0,58078.96666666665,14.0
Transportation,16728.28,141.0,51961.36666666666,15.0
Transportation,81953.46,142.0,57600.119999999995,16.0
Transportation,34982.61,143.0,44554.783333333326,17.0
Transportation,9315.24,144.0,42083.77,18.0
Transportation,91119.63,145.0,45139.159999999996,19.0
Transportation,27352.0,146.0,42595.62333333333,20.0
Transportation,58527.41,147.0,58999.67999999999,21.0
Transportation,64883.34,148.0,50254.25,22.0
Transportation,6397.96,149.0,43269.57,23.0
Transportation,92787.28,150.0,54689.526666666665,24.0
Transportation,37068.33,151.0,45417.85666666667,25.0
Transportation,20229.22,152.0,50028.276666666665,26.0
Transportation,23411.39,153.0,26902.979999999996,27.0
Transportation,63532.54,154.0,35724.38333333333,28.0
Transportation,63446.03,155.0,50129.986666666664,29.0
Transportation,97982.87,156.0,74987.14666666667,30.0
Transportation,68110.47,157.0,76513.12333333334,31.0
Transportation,16296.64,158.0,60796.659999999996,32.0
Transportation,94855.67,159.0,59754.25999999999,33.0
Transportation,51180.67,160.0,54110.993333333325,34.0
Transportation,82252.54,161.0,76096.29333333332,35.0
Transportation,19458.51,162.0,50963.906666666655,36.0
Transportation,75907.76,163.0,59206.26999999999,37.0
Transportation,70691.87,164.0,55352.71333333332,38.0
Transportation,4377.73,165.0,50325.78666666665,39.0
Transportation,6166.62,166.0,27078.739999999994,40.0
Transportation,48733.1,167.0,19759.149999999994,41.0
Transportation,29975.4,168.0,28291.706666666665,42.0
Transportation,60649.39,169.0,46452.63,43.0
Transportation,83143.98,170.0,57922.92333333332,44.0
Transportation,9867.6,171.0,51220.32333333333,45.0
Transportation,44922.51,172.0,45978.02999999999,46.0
Transportation,72054.92,173.0,42281.67666666666,47.0
Transportation,24824.84,174.0,47267.42333333333,48.0
Transportation,74354.6,175.0,57078.119999999995,49.0
Transportation,97011.62,176.0,65397.02,50.0
Transportation,66256.93,177.0,79207.71666666666,51.0
Transportation,21180.85,178.0,61483.133333333324,52.0
Transportation,29346.87,179.0,38928.21666666666,53.0
Transportation,91687.04,180.0,47404.91999999999,54.0
Transportation,78865.55,181.0,66633.15333333332,55.0
Transportation,53375.99,182.0,74642.86,56.0
Transportation,2390.88,183.0,44877.47333333333,57.0
Transportation,24236.5,184.0,26667.789999999994,58.0
Transportation,48053.78,185.0,24893.71999999999,59.0
Transportation,57424.21,186.0,43238.16333333332,60.0
Transportation,17310.06,187.0,40929.34999999999,61.0
Transportation,36048.88,188.0,36927.71666666666,62.0
Transportation,46631.33,189.0,33330.09,63.0
Transportation,30148.99,190.0,37609.73333333333,64.0
Transportation,83996.65,191.0,53592.32333333333,65.0
Transportation,63238.22,192.0,59127.95333333333,66.0
Transportation,97071.32,193.0,81435.39666666667,67.0
Transportation,78076.99,194.0,79462.17666666665,68.0
Transportation,32770.2,195.0,69306.17,69.0
Transportation,1647.99,196.0,37498.393333333326,70.0
Transportation,17535.06,197.0,17317.74999999999,71.0
Transportation,92239.1,198.0,37140.71666666666,72.0
Transportation,74348.08,199.0,61374.079999999994,73.0
Transportation,65219.43,200.0,77268.87,74.0
Transportation,7029.19,201.0,48865.56666666666,75.0
Transportation,44582.41,202.0,38943.67666666666,76.0
Transportation,10723.02,203.0,20778.20666666666,77.0
Transportation,41839.81,204.0,32381.74666666666,78.0
Transportation,93845.2,205.0,48802.67666666666,79.0
Transportation,9073.44,206.0,48252.81666666666,80.0
Transportation,51289.71,207.0,51402.783333333326,81.0
Transportation,36734.48,208.0,32365.87666666666,82.0
Transportation,11748.94,209.0,33257.70999999999,83.0
Transportation,59676.41,210.0,36053.276666666665,84.0
Transportation,19102.61,211.0,30175.986666666653,85.0
Transportation,84782.51,212.0,54520.50999999999,86.0
Transportation,54998.02,213.0,52961.04666666666,87.0
Transportation,76161.85,214.0,71980.79333333332,88.0
Transportation,96413.21,215.0,75857.69333333334,89.0
Transportation,98412.73,216.0,90329.26333333335,90.0
Transportation,27984.46,217.0,74270.13333333333,91.0
Transportation,218.42,218.0,42205.20333333333,92.0
Transportation,71717.35,219.0,33306.74333333334,93.0
Transportation,54238.48,220.0,42058.08333333334,94.0
Transportation,37010.06,221.0,54321.96333333334,95.0
Transportation,88241.75,222.0,59830.09666666667,96.0
Transportation,99340.47,223.0,74864.09333333334,97.0
Transportation,67599.46,224.0,85060.56,98.0
Transportation,59315.11,225.0,75418.34666666666,99.0
Transportation,16877.67,226.0,47930.746666666666,100.0
